{
	"info": {
		"_postman_id": "3528bc35-0ded-460e-89b1-4672023381ab",
		"name": "Part1s2",
		"schema": "https://schema.getpostman.com/json/collection/v2.1.0/collection.json",
		"_exporter_id": "34570750"
	},
	"item": [
		{
			"name": "Authors",
			"item": [
				{
					"name": "GET/authors[](404)",
					"event": [
						{
							"listen": "test",
							"script": {
								"exec": [
									"pm.test(\"Status code is 404\", function () {",
									"    pm.response.to.have.status(404);",
									"});",
									"",
									"pm.test(\"Response time is less than 200ms\", function () {",
									"    pm.expect(pm.response.responseTime).to.be.below(200);",
									"});"
								],
								"type": "text/javascript",
								"packages": {}
							}
						}
					],
					"protocolProfileBehavior": {
						"disableBodyPruning": true
					},
					"request": {
						"method": "GET",
						"header": [],
						"body": {
							"mode": "raw",
							"raw": "",
							"options": {
								"raw": {
									"language": "json"
								}
							}
						},
						"url": {
							"raw": "http://localhost:8080/authors",
							"protocol": "http",
							"host": [
								"localhost"
							],
							"port": "8080",
							"path": [
								"authors"
							]
						}
					},
					"response": []
				},
				{
					"name": "GET/authors(200)",
					"event": [
						{
							"listen": "test",
							"script": {
								"exec": [
									"pm.test(\"Status code is 200\", function () {",
									"    pm.response.to.have.status(200);",
									"});",
									"pm.test(\"Response time is less than 200ms\", function () {",
									"  pm.expect(pm.response.responseTime).to.be.below(200);",
									"});",
									"",
									"pm.test(\"Response must be an array\", function () {",
									"    var jsonData = pm.response.json();",
									"    pm.expect(jsonData).to.be.an('array');",
									"});",
									""
								],
								"type": "text/javascript",
								"packages": {}
							}
						}
					],
					"protocolProfileBehavior": {
						"disableBodyPruning": true
					},
					"request": {
						"method": "GET",
						"header": [],
						"body": {
							"mode": "raw",
							"raw": "",
							"options": {
								"raw": {
									"language": "json"
								}
							}
						},
						"url": {
							"raw": "http://localhost:8080/authors",
							"protocol": "http",
							"host": [
								"localhost"
							],
							"port": "8080",
							"path": [
								"authors"
							]
						}
					},
					"response": []
				},
				{
					"name": "POST/authors(200)",
					"event": [
						{
							"listen": "test",
							"script": {
								"exec": [
									"pm.test(\"Status code is 200\", function () {",
									"    pm.response.to.have.status(200);",
									"});",
									"pm.test(\"Response time is less than 200ms\", function () {",
									"    pm.expect(pm.response.responseTime).to.be.below(300);",
									"});",
									"pm.test(\"Response contains author ID\", function () {",
									"    var jsonData = pm.response.json();",
									"     pm.expect(jsonData.id).to.exist;",
									"     pm.expect(jsonData.id).to.equal(2);",
									"});",
									""
								],
								"type": "text/javascript",
								"packages": {}
							}
						}
					],
					"request": {
						"method": "POST",
						"header": [],
						"body": {
							"mode": "raw",
							"raw": "{\n    \"id\": 2,\n    \"name\": \"Prince Kwame\",\n    \"birthyear\": 1989,\n    \"nationality\": \"Ghanian\",\n    \"books\": []       \n}\n",
							"options": {
								"raw": {
									"language": "json"
								}
							}
						},
						"url": {
							"raw": "http://localhost:8080/authors",
							"protocol": "http",
							"host": [
								"localhost"
							],
							"port": "8080",
							"path": [
								"authors"
							]
						}
					},
					"response": []
				},
				{
					"name": "POST/authors(409)",
					"event": [
						{
							"listen": "test",
							"script": {
								"exec": [
									"pm.test(\"Status code is 409 for duplicate data\", function () {",
									"    pm.response.to.have.status(409);",
									"});",
									"",
									"pm.test(\"Correct error message for duplicate author with ID\", function () {",
									"    var jsonData = pm.response.json();",
									"    pm.expect(jsonData.message).to.eql(\"Author 2 already exists\");",
									"});",
									""
								],
								"type": "text/javascript",
								"packages": {}
							}
						}
					],
					"request": {
						"method": "POST",
						"header": [],
						"body": {
							"mode": "raw",
							"raw": "{\n    \"id\": 2,\n    \"name\": \"Prince Kwesi\",\n    \"birthyear\": 1999,\n    \"nationality\": \"Ghanian\",\n    \"books\": []\n            \n}\n",
							"options": {
								"raw": {
									"language": "json"
								}
							}
						},
						"url": {
							"raw": "http://localhost:8080/authors",
							"protocol": "http",
							"host": [
								"localhost"
							],
							"port": "8080",
							"path": [
								"authors"
							]
						}
					},
					"response": []
				},
				{
					"name": "GET/authors/:id(200)",
					"event": [
						{
							"listen": "test",
							"script": {
								"exec": [
									"pm.test(\"Status code is 200\", function () {",
									"    pm.response.to.have.status(200);",
									"});",
									"",
									"pm.test(\"Response time is less than 200ms\", function () {",
									"    pm.expect(pm.response.responseTime).to.be.below(200);",
									"});",
									"",
									"pm.test(\"Response is an array of books\", function () {",
									"    var jsonData = pm.response.json();",
									"    pm.expect(jsonData.books).to.be.an('array').that.is.empty;",
									"    pm.expect(jsonData).to.have.property('name')",
									"});",
									"",
									""
								],
								"type": "text/javascript",
								"packages": {}
							}
						}
					],
					"protocolProfileBehavior": {
						"disableBodyPruning": true
					},
					"request": {
						"method": "GET",
						"header": [],
						"body": {
							"mode": "raw",
							"raw": "",
							"options": {
								"raw": {
									"language": "json"
								}
							}
						},
						"url": {
							"raw": "http://localhost:8080/authors/:id",
							"protocol": "http",
							"host": [
								"localhost"
							],
							"port": "8080",
							"path": [
								"authors",
								":id"
							],
							"variable": [
								{
									"key": "id",
									"value": "2"
								}
							]
						}
					},
					"response": []
				},
				{
					"name": "GET/authors/:id(404)",
					"event": [
						{
							"listen": "test",
							"script": {
								"exec": [
									"pm.test(\"Status code is 404 for non-existent author\", function () {",
									"    pm.response.to.have.status(404);",
									"});",
									"",
									"pm.test(\"Response time is less than 200ms\", function () {",
									"    pm.expect(pm.response.responseTime).to.be.below(200);",
									"});",
									"",
									"pm.test(\"Correct error message for  non-existent author\", function () {",
									"    var jsonData = pm.response.json();",
									"    pm.expect(jsonData.message).to.eql(\"Author not found\");",
									"});",
									"pm.test(\"Response is a valid JSON\", function () {",
									"    pm.response.to.be.json;",
									"});"
								],
								"type": "text/javascript",
								"packages": {}
							}
						}
					],
					"protocolProfileBehavior": {
						"disableBodyPruning": true
					},
					"request": {
						"method": "GET",
						"header": [],
						"body": {
							"mode": "raw",
							"raw": "",
							"options": {
								"raw": {
									"language": "json"
								}
							}
						},
						"url": {
							"raw": "http://localhost:8080/authors/:id",
							"protocol": "http",
							"host": [
								"localhost"
							],
							"port": "8080",
							"path": [
								"authors",
								":id"
							],
							"variable": [
								{
									"key": "id",
									"value": "7"
								}
							]
						}
					},
					"response": []
				},
				{
					"name": "PUT/authors/:id(200)",
					"event": [
						{
							"listen": "test",
							"script": {
								"exec": [
									"pm.test(\"Response status code is 200\", function () {",
									"  pm.response.to.have.status(200);",
									"});"
								],
								"type": "text/javascript",
								"packages": {}
							}
						}
					],
					"request": {
						"method": "PUT",
						"header": [],
						"body": {
							"mode": "raw",
							"raw": "{\n \n    \"name\": \"Emmnauel Igwe\",\n    \"birthyear\": 1994,\n    \"nationality\": \"Nigerian\"\n   \n}",
							"options": {
								"raw": {
									"language": "json"
								}
							}
						},
						"url": {
							"raw": "http://localhost:8080/authors/:id",
							"protocol": "http",
							"host": [
								"localhost"
							],
							"port": "8080",
							"path": [
								"authors",
								":id"
							],
							"variable": [
								{
									"key": "id",
									"value": "2"
								}
							]
						}
					},
					"response": []
				},
				{
					"name": "PUT/authors:id(404)",
					"event": [
						{
							"listen": "test",
							"script": {
								"exec": [
									"pm.test(\"Status code is 404\", function () {",
									"    pm.response.to.have.status(404);",
									"});",
									"",
									"pm.test(\"Response time is less than 200ms\", function () {",
									"    pm.expect(pm.response.responseTime).to.be.below(200);",
									"});",
									""
								],
								"type": "text/javascript",
								"packages": {}
							}
						}
					],
					"request": {
						"method": "PUT",
						"header": [],
						"body": {
							"mode": "raw",
							"raw": "{\n    \"id\": 1,\n    \"name\": \"King Kunda\",\n    \"birthyear\": 1994,\n    \"nationality\": \"Kenyan \",\n    \"books\": []\n}",
							"options": {
								"raw": {
									"language": "json"
								}
							}
						},
						"url": {
							"raw": "http://localhost:8080/authors/:id",
							"protocol": "http",
							"host": [
								"localhost"
							],
							"port": "8080",
							"path": [
								"authors",
								":id"
							],
							"variable": [
								{
									"key": "id",
									"value": "10"
								}
							]
						}
					},
					"response": []
				},
				{
					"name": "DELETE/authors/:id(200)",
					"event": [
						{
							"listen": "test",
							"script": {
								"exec": [
									"pm.test(\"Status code is 200\", function () {",
									"    pm.response.to.have.status(200);",
									"});",
									"",
									"pm.test(\"Response time is less than 200ms\", function () {",
									"    pm.expect(pm.response.responseTime).to.be.below(200);",
									"});",
									"pm.test(\"Correct error message for un-deleted author\", function () {",
									"    var jsonData = pm.response.json();",
									"    pm.expect(jsonData.message).to.eql(\"Author deleted\");",
									"});",
									"",
									""
								],
								"type": "text/javascript",
								"packages": {}
							}
						}
					],
					"request": {
						"method": "DELETE",
						"header": [],
						"body": {
							"mode": "raw",
							"raw": "",
							"options": {
								"raw": {
									"language": "json"
								}
							}
						},
						"url": {
							"raw": "http://localhost:8080/authors/:id",
							"protocol": "http",
							"host": [
								"localhost"
							],
							"port": "8080",
							"path": [
								"authors",
								":id"
							],
							"variable": [
								{
									"key": "id",
									"value": "2"
								}
							]
						}
					},
					"response": []
				},
				{
					"name": "DELETE/authors/:id(404)",
					"event": [
						{
							"listen": "test",
							"script": {
								"exec": [
									"pm.test(\"Status code is 404\", function () {",
									"    pm.response.to.have.status(404);",
									"});",
									"",
									"pm.test(\"Response time is less than 200ms\", function () {",
									"    pm.expect(pm.response.responseTime).to.be.below(300);",
									"});",
									"",
									"pm.test(\"Correct error message for un-deleted author\", function () {",
									"    var jsonData = pm.response.json();",
									"    pm.expect(jsonData.message).to.eql(\"Author not deleted\");",
									"});",
									""
								],
								"type": "text/javascript",
								"packages": {}
							}
						}
					],
					"request": {
						"method": "DELETE",
						"header": [],
						"body": {
							"mode": "raw",
							"raw": "",
							"options": {
								"raw": {
									"language": "json"
								}
							}
						},
						"url": {
							"raw": "http://localhost:8080/authors/:id",
							"protocol": "http",
							"host": [
								"localhost"
							],
							"port": "8080",
							"path": [
								"authors",
								":id"
							],
							"variable": [
								{
									"key": "id",
									"value": "2"
								}
							]
						}
					},
					"response": []
				},
				{
					"name": "GET/authors/:id/books(200)",
					"event": [
						{
							"listen": "test",
							"script": {
								"exec": [
									"pm.test(\"Status code is 200\", function () {",
									"    pm.response.to.have.status(200);",
									"});",
									"pm.test(\"Response time is less than 200ms\", function () {",
									"  pm.expect(pm.response.responseTime).to.be.below(200);",
									"});"
								],
								"type": "text/javascript",
								"packages": {}
							}
						}
					],
					"protocolProfileBehavior": {
						"disableBodyPruning": true
					},
					"request": {
						"method": "GET",
						"header": [],
						"body": {
							"mode": "raw",
							"raw": "",
							"options": {
								"raw": {
									"language": "json"
								}
							}
						},
						"url": {
							"raw": "http://localhost:8080/authors/:id/books",
							"protocol": "http",
							"host": [
								"localhost"
							],
							"port": "8080",
							"path": [
								"authors",
								":id",
								"books"
							],
							"variable": [
								{
									"key": "id",
									"value": "1"
								}
							]
						}
					},
					"response": []
				},
				{
					"name": "GET/authors/:id/books(404)",
					"event": [
						{
							"listen": "test",
							"script": {
								"exec": [
									"pm.test(\"Status code is 404\", function () {",
									"    pm.response.to.have.status(404);",
									"});",
									"",
									"pm.test(\"Response time is less than 200ms\", function () {",
									"    pm.expect(pm.response.responseTime).to.be.below(200);",
									"});"
								],
								"type": "text/javascript",
								"packages": {}
							}
						}
					],
					"protocolProfileBehavior": {
						"disableBodyPruning": true
					},
					"request": {
						"method": "GET",
						"header": [],
						"body": {
							"mode": "raw",
							"raw": "",
							"options": {
								"raw": {
									"language": "json"
								}
							}
						},
						"url": {
							"raw": "http://localhost:8080/authors/:id/books",
							"protocol": "http",
							"host": [
								"localhost"
							],
							"port": "8080",
							"path": [
								"authors",
								":id",
								"books"
							],
							"variable": [
								{
									"key": "id",
									"value": "5"
								}
							]
						}
					},
					"response": []
				}
			]
		},
		{
			"name": "Books",
			"item": [
				{
					"name": "GET/books[](404)",
					"event": [
						{
							"listen": "test",
							"script": {
								"exec": [
									"pm.test(\"Status code is 404\", function () {",
									"    pm.response.to.have.status(404);",
									"});",
									""
								],
								"type": "text/javascript",
								"packages": {}
							}
						}
					],
					"request": {
						"method": "GET",
						"header": [],
						"url": {
							"raw": "http://localhost:8080/books",
							"protocol": "http",
							"host": [
								"localhost"
							],
							"port": "8080",
							"path": [
								"books"
							]
						}
					},
					"response": []
				},
				{
					"name": "GET/books(200)",
					"event": [
						{
							"listen": "test",
							"script": {
								"exec": [
									"pm.test(\"Status code is 200\", function () {",
									"    pm.response.to.have.status(200);",
									"});"
								],
								"type": "text/javascript",
								"packages": {}
							}
						}
					],
					"request": {
						"method": "GET",
						"header": [],
						"url": {
							"raw": "http://localhost:8080/books",
							"protocol": "http",
							"host": [
								"localhost"
							],
							"port": "8080",
							"path": [
								"books"
							]
						}
					},
					"response": []
				},
				{
					"name": "POST/books(200)",
					"event": [
						{
							"listen": "test",
							"script": {
								"exec": [
									"pm.test(\"Status code is 200\", function () {",
									"    pm.response.to.have.status(200);",
									"});",
									"",
									"pm.test(\"Response is an object with title, publicationYear, price, isbn, and orders properties\", function () {",
									"    pm.expect(pm.response.json()).to.be.an('object').that.has.all.keys('title', 'publicationYear', 'price', 'isbn', 'orders');",
									"});"
								],
								"type": "text/javascript",
								"packages": {}
							}
						}
					],
					"request": {
						"method": "POST",
						"header": [],
						"body": {
							"mode": "raw",
							"raw": "{\n    \"title\":\"Solo Leveling: Ragnaork\",\n    \"publicationYear\":2024,\n    \"price\":29.99,\n    \"isbn\":\"5636709195320\",\n    \"orders\":[]\n}",
							"options": {
								"raw": {
									"language": "json"
								}
							}
						},
						"url": {
							"raw": "http://localhost:8080/books",
							"protocol": "http",
							"host": [
								"localhost"
							],
							"port": "8080",
							"path": [
								"books"
							]
						}
					},
					"response": []
				},
				{
					"name": "POST/books(409)",
					"event": [
						{
							"listen": "test",
							"script": {
								"exec": [
									"pm.test(\"Response status code is 409\", function () {",
									"  pm.expect(pm.response.code).to.equal(409);",
									"});",
									"",
									"",
									"pm.test(\"Response has the required field - message\", function () {",
									"    const responseData = pm.response.json();",
									"    ",
									"    pm.expect(responseData).to.be.an('object');",
									"    pm.expect(responseData.message).to.exist;",
									"});",
									"",
									"",
									"pm.test(\"Response time is within an acceptable range\", function () {",
									"  pm.expect(pm.response.responseTime).to.be.below(200);",
									"});",
									"",
									""
								],
								"type": "text/javascript",
								"packages": {}
							}
						}
					],
					"request": {
						"method": "POST",
						"header": [],
						"body": {
							"mode": "raw",
							"raw": "{\n    \"title\":\"Solo Leveling: Ragnaork\",\n    \"publicationYear\":2024,\n    \"price\":29.99,\n    \"isbn\":\"5636709195320\",\n    \"orders\":[]\n}",
							"options": {
								"raw": {
									"language": "json"
								}
							}
						},
						"url": {
							"raw": "http://localhost:8080/books",
							"protocol": "http",
							"host": [
								"localhost"
							],
							"port": "8080",
							"path": [
								"books"
							]
						}
					},
					"response": []
				},
				{
					"name": "GET/books/:isbn(200)",
					"event": [
						{
							"listen": "test",
							"script": {
								"exec": [
									"",
									"pm.test(\"Response status code is 200\", function () {",
									"    pm.response.to.have.status(200);",
									"});",
									"",
									"",
									"pm.test(\"Response has the required fields\", function () {",
									"    const responseData = pm.response.json();",
									"    ",
									"    pm.expect(responseData).to.be.an('object');",
									"    pm.expect(responseData.title).to.exist;",
									"    pm.expect(responseData.publicationYear).to.exist;",
									"    pm.expect(responseData.price).to.exist;",
									"    pm.expect(responseData.isbn).to.exist;",
									"    pm.expect(responseData.orders).to.exist;",
									"});",
									"",
									"",
									"pm.test(\"Price should be a non-negative number\", function () {",
									"    const responseData = pm.response.json();",
									"    ",
									"    pm.expect(responseData).to.be.an('object');",
									"    pm.expect(responseData.price).to.be.a('number').and.to.satisfy((price) => price >= 0, \"Price should be non-negative\");",
									"});",
									"",
									"",
									"",
									"pm.test(\"Response time is less than 200ms\", function () {",
									"  pm.expect(pm.response.responseTime).to.be.below(200);",
									"});",
									"",
									""
								],
								"type": "text/javascript",
								"packages": {}
							}
						}
					],
					"protocolProfileBehavior": {
						"disableBodyPruning": true
					},
					"request": {
						"method": "GET",
						"header": [],
						"body": {
							"mode": "raw",
							"raw": "",
							"options": {
								"raw": {
									"language": "json"
								}
							}
						},
						"url": {
							"raw": "http://localhost:8080/books/:isbn",
							"protocol": "http",
							"host": [
								"localhost"
							],
							"port": "8080",
							"path": [
								"books",
								":isbn"
							],
							"variable": [
								{
									"key": "isbn",
									"value": "5636709195320"
								}
							]
						}
					},
					"response": []
				},
				{
					"name": "GET/books/:isbn(404)",
					"event": [
						{
							"listen": "test",
							"script": {
								"exec": [
									"",
									"pm.test(\"Response status code is 404\", function () {",
									"    pm.expect(pm.response.code).to.equal(404);",
									"});",
									"",
									"",
									"pm.test(\"Response has the required Content-Type header with value application/json\", function () {",
									"    pm.expect(pm.response.headers.get(\"Content-Type\")).to.include(\"application/json\");",
									"});",
									"",
									"",
									"pm.test(\"Response has the required field - message\", function () {",
									"    const responseData = pm.response.json();",
									"    ",
									"    pm.expect(responseData).to.be.an('object');",
									"    pm.expect(responseData.message).to.exist;",
									"});",
									"",
									"",
									"pm.test(\"Message is a non-empty string\", function () {",
									"  const responseData = pm.response.json();",
									"  ",
									"  pm.expect(responseData).to.be.an('object');",
									"  pm.expect(responseData.message).to.be.a('string').and.to.have.lengthOf.at.least(1, \"Message should not be empty\");",
									"});",
									"",
									"",
									"pm.test(\"Response time is less than 200ms\", function () {",
									"  pm.expect(pm.response.responseTime).to.be.below(200);",
									"});",
									"",
									""
								],
								"type": "text/javascript",
								"packages": {}
							}
						}
					],
					"request": {
						"method": "GET",
						"header": [],
						"url": {
							"raw": "http://localhost:8080/books/:isbn",
							"protocol": "http",
							"host": [
								"localhost"
							],
							"port": "8080",
							"path": [
								"books",
								":isbn"
							],
							"variable": [
								{
									"key": "isbn",
									"value": "5636709195321"
								}
							]
						}
					},
					"response": []
				},
				{
					"name": "PUT/books/:isbn(200)",
					"event": [
						{
							"listen": "test",
							"script": {
								"exec": [
									"",
									"pm.test(\"Response status code is 200\", function () {",
									"    pm.expect(pm.response.code).to.equal(200);",
									"});",
									"",
									"",
									"pm.test(\"Response Content-Type is application/json\", function () {",
									"    pm.expect(pm.response.headers.get(\"Content-Type\")).to.include(\"application/json\");",
									"});",
									"",
									"",
									"pm.test(\"Response has the required fields\", function () {",
									"    const responseData = pm.response.json();",
									"    ",
									"    pm.expect(responseData).to.be.an('object');",
									"    pm.expect(responseData).to.have.property('title');",
									"    pm.expect(responseData).to.have.property('publicationYear');",
									"    pm.expect(responseData).to.have.property('price');",
									"    pm.expect(responseData).to.have.property('isbn');",
									"    pm.expect(responseData).to.have.property('orders');",
									"});",
									"",
									"",
									"pm.test(\"Price is a non-negative integer\", function () {",
									"  const responseData = pm.response.json();",
									"  ",
									"  pm.expect(responseData).to.be.an('object');",
									"  pm.expect(responseData.price).to.be.a('number');",
									"  pm.expect(responseData.price).to.be.at.least(0);",
									"});",
									"",
									"",
									"pm.test(\"Response time is less than 200ms\", function () {",
									"  pm.expect(pm.response.responseTime).to.be.below(200);",
									"});",
									"",
									""
								],
								"type": "text/javascript",
								"packages": {}
							}
						}
					],
					"request": {
						"method": "PUT",
						"header": [],
						"body": {
							"mode": "raw",
							"raw": "{\n    \"title\": \"Solo Leveling: Arise\",\n    \"publicationYear\": 2021,\n    \"price\": 20.99,\n    \"isbn\": \"5636709195320\",\n    \"orders\": []\n}",
							"options": {
								"raw": {
									"language": "json"
								}
							}
						},
						"url": {
							"raw": "http://localhost:8080/books/:isbn",
							"protocol": "http",
							"host": [
								"localhost"
							],
							"port": "8080",
							"path": [
								"books",
								":isbn"
							],
							"variable": [
								{
									"key": "isbn",
									"value": "5636709195320"
								}
							]
						}
					},
					"response": []
				},
				{
					"name": "PUT/books/:isbn(404)",
					"event": [
						{
							"listen": "test",
							"script": {
								"exec": [
									"",
									"pm.test(\"Response status code is 404\", function () {",
									"    pm.expect(pm.response.code).to.equal(404);",
									"});",
									"",
									"",
									"pm.test(\"Response has the required fields\", function () {",
									"    const responseData = pm.response.json();",
									"    ",
									"    pm.expect(responseData).to.be.an('object');",
									"    pm.expect(responseData.message).to.exist.and.to.be.a('string');",
									"});",
									"",
									"",
									"pm.test(\"Response time is less than 200ms\", function () {",
									"  pm.expect(pm.response.responseTime).to.be.below(200);",
									"});",
									"",
									"",
									"pm.test(\"Content-Type header is application/json\", function () {",
									"    pm.expect(pm.response.headers.get('Content-Type')).to.include('application/json');",
									"});",
									"",
									"",
									"pm.test(\"Verify that the response schema matches the expected schema\", function () {",
									"  const responseData = pm.response.json();",
									"",
									"  pm.expect(responseData).to.be.an('object');",
									"  pm.expect(responseData).to.have.property('message');",
									"});",
									"",
									""
								],
								"type": "text/javascript",
								"packages": {}
							}
						}
					],
					"request": {
						"method": "PUT",
						"header": [],
						"body": {
							"mode": "raw",
							"raw": "{\n    \"title\": \"Solo Leveling: Arise\",\n    \"publicationYear\": 2021,\n    \"price\": 25.99,\n    \"isbn\": \"4536709195320\",\n    \"orders\": []\n}",
							"options": {
								"raw": {
									"language": "json"
								}
							}
						},
						"url": {
							"raw": "http://localhost:8080/books/:isbn",
							"protocol": "http",
							"host": [
								"localhost"
							],
							"port": "8080",
							"path": [
								"books",
								":isbn"
							],
							"variable": [
								{
									"key": "isbn",
									"value": "5636709195321"
								}
							]
						}
					},
					"response": []
				},
				{
					"name": "DELETE/books/:isbn(200)",
					"event": [
						{
							"listen": "test",
							"script": {
								"exec": [
									"",
									"pm.test(\"Response status code is 200\", function () {",
									"    pm.expect(pm.response.code).to.equal(200);",
									"});",
									"",
									"",
									"pm.test(\"Response has the required fields\", function () {",
									"    const responseData = pm.response.json();",
									"    ",
									"    pm.expect(responseData).to.be.an('object');",
									"    pm.expect(responseData.message).to.exist;",
									"});",
									"",
									"",
									"pm.test(\"Content-Type is application/json\", function () {",
									"    pm.expect(pm.response.headers.get(\"Content-Type\")).to.include(\"application/json\");",
									"});",
									"",
									"",
									"pm.test(\"Response time is less than 200ms\", function () {",
									"  pm.expect(pm.response.responseTime).to.be.below(200);",
									"});",
									"",
									"",
									"pm.test(\"Message field is a non-empty string\", function () {",
									"  const responseData = pm.response.json();",
									"  ",
									"  pm.expect(responseData).to.be.an('object');",
									"  pm.expect(responseData.message).to.be.a('string').and.to.have.lengthOf.at.least(1, \"Value should not be empty\");",
									"});",
									"",
									""
								],
								"type": "text/javascript",
								"packages": {}
							}
						}
					],
					"request": {
						"method": "DELETE",
						"header": [],
						"body": {
							"mode": "raw",
							"raw": "{\n    \"title\": \"Solo Leveling: Arise\",\n    \"publicationYear\": 2021,\n    \"price\": 25.99,\n    \"isbn\": \"4536709195320\",\n    \"orders\": []\n}",
							"options": {
								"raw": {
									"language": "json"
								}
							}
						},
						"url": {
							"raw": "http://localhost:8080/books/:isbn",
							"protocol": "http",
							"host": [
								"localhost"
							],
							"port": "8080",
							"path": [
								"books",
								":isbn"
							],
							"variable": [
								{
									"key": "isbn",
									"value": "5636709195320"
								}
							]
						}
					},
					"response": []
				},
				{
					"name": "DELETE/books/:isbn(404)",
					"event": [
						{
							"listen": "test",
							"script": {
								"exec": [
									"",
									"pm.test(\"Response status code is 404\", function () {",
									"  pm.expect(pm.response.code).to.equal(404);",
									"});",
									"",
									"",
									"pm.test(\"Response has the required fields\", function () {",
									"    const responseData = pm.response.json();",
									"    ",
									"    pm.expect(responseData).to.be.an('object');",
									"    pm.expect(responseData.message).to.exist;",
									"});",
									"",
									"",
									"pm.test(\"Message is a non-empty string\", function () {",
									"  const responseData = pm.response.json();",
									"  ",
									"  pm.expect(responseData.message).to.be.a('string').and.to.have.lengthOf.at.least(1, \"Message should not be empty\");",
									"});",
									"",
									"",
									"pm.test(\"Response time is less than 200ms\", function () {",
									"  pm.expect(pm.response.responseTime).to.be.below(200);",
									"});",
									"",
									""
								],
								"type": "text/javascript",
								"packages": {}
							}
						}
					],
					"request": {
						"method": "DELETE",
						"header": [],
						"body": {
							"mode": "raw",
							"raw": "{\n    \"title\": \"Solo Leveling: Arise\",\n    \"publicationYear\": 2021,\n    \"price\": 25.99,\n    \"isbn\": \"4536709195320\",\n    \"orders\": []\n}",
							"options": {
								"raw": {
									"language": "json"
								}
							}
						},
						"url": {
							"raw": "http://localhost:8080/books/:isbn",
							"protocol": "http",
							"host": [
								"localhost"
							],
							"port": "8080",
							"path": [
								"books",
								":isbn"
							],
							"variable": [
								{
									"key": "isbn",
									"value": "5636709195321"
								}
							]
						}
					},
					"response": []
				},
				{
					"name": "GET/books/:isbn/authors(200)",
					"event": [
						{
							"listen": "test",
							"script": {
								"exec": [
									"",
									"pm.test(\"Response status code is 200\", function () {",
									"    pm.expect(pm.response.code).to.equal(200);",
									"});",
									"",
									"",
									"pm.test(\"Response time is less than 200ms\", function () {",
									"  pm.expect(pm.response.responseTime).to.be.below(200);",
									"});",
									"",
									""
								],
								"type": "text/javascript",
								"packages": {}
							}
						}
					],
					"request": {
						"method": "GET",
						"header": [],
						"url": {
							"raw": "http://localhost:8080/books/:isbn/authors",
							"protocol": "http",
							"host": [
								"localhost"
							],
							"port": "8080",
							"path": [
								"books",
								":isbn",
								"authors"
							],
							"variable": [
								{
									"key": "isbn",
									"value": "4536723695310"
								}
							]
						}
					},
					"response": []
				},
				{
					"name": "GET/books/:isbn/authors(404)",
					"event": [
						{
							"listen": "test",
							"script": {
								"exec": [
									"",
									"pm.test(\"Response status code is 404\", function () {",
									"    pm.expect(pm.response.code).to.equal(404);",
									"});",
									"",
									"",
									"pm.test(\"Response has the required field - message\", function () {",
									"    const responseData = pm.response.json();",
									"    pm.expect(responseData.message).to.exist;",
									"});",
									"",
									"",
									"pm.test(\"Response time is less than 200ms\", function () {",
									"  pm.expect(pm.response.responseTime).to.be.below(200);",
									"});",
									"",
									"",
									"pm.test(\"Content-Type is application/json\", function () {",
									"    pm.expect(pm.response.headers.get(\"Content-Type\")).to.include(\"application/json\");",
									"});",
									"",
									"",
									"pm.test(\"Validate the schema of the response JSON\", function () {",
									"    const responseData = pm.response.json();",
									"",
									"    pm.expect(responseData).to.be.an('object');",
									"    pm.expect(responseData).to.have.property('message');",
									"});",
									"",
									""
								],
								"type": "text/javascript",
								"packages": {}
							}
						}
					],
					"request": {
						"method": "GET",
						"header": [],
						"url": {
							"raw": "http://localhost:8080/books/:isbn/authors",
							"protocol": "http",
							"host": [
								"localhost"
							],
							"port": "8080",
							"path": [
								"books",
								":isbn",
								"authors"
							],
							"variable": [
								{
									"key": "isbn",
									"value": "4536723695311"
								}
							]
						}
					},
					"response": []
				},
				{
					"name": "GET/books/:isbn/orders(200)",
					"event": [
						{
							"listen": "test",
							"script": {
								"exec": [
									"",
									"pm.test(\"Response status code is 200\", function () {",
									"    pm.response.to.have.status(200);",
									"});",
									"",
									"",
									"pm.test(\"Response has the required fields - id, datetime, and customerName\", function () {",
									"    const responseData = pm.response.json();",
									"",
									"    pm.expect(responseData).to.be.an('array');",
									"    responseData.forEach(function(order) {",
									"        pm.expect(order).to.be.an('object');",
									"        pm.expect(order).to.include.all.keys('id', 'datetime', 'customerName');",
									"    });",
									"});",
									"",
									"",
									"",
									"pm.test(\"Response time is less than 200ms\", function () {",
									"  pm.expect(pm.response.responseTime).to.be.below(200);",
									"});",
									"",
									"",
									"pm.test(\"Content type is application/json\", function () {",
									"    pm.expect(pm.response.headers.get(\"Content-Type\")).to.include(\"application/json\");",
									"});",
									"",
									"pm.test(\"Response format and schema validation\", function () {",
									"    var schema = {",
									"        type: \"array\",",
									"        items: {",
									"            type: \"object\",",
									"            required: [\"id\", \"datetime\", \"customerName\"],",
									"            properties: {",
									"                id: { type: \"number\" },",
									"                datetime: { type: \"string\" },",
									"                customerName: { type: \"string\" }",
									"            }",
									"        }",
									"    };",
									"",
									"    pm.expect(tv4.validate(pm.response.json(), schema)).to.be.true;",
									"});"
								],
								"type": "text/javascript",
								"packages": {}
							}
						}
					],
					"request": {
						"method": "GET",
						"header": [],
						"url": {
							"raw": "http://localhost:8080/books/:isbn/orders",
							"protocol": "http",
							"host": [
								"localhost"
							],
							"port": "8080",
							"path": [
								"books",
								":isbn",
								"orders"
							],
							"variable": [
								{
									"key": "isbn",
									"value": "4536723695310"
								}
							]
						}
					},
					"response": []
				},
				{
					"name": "GET/books/:isbn/orders(404)",
					"event": [
						{
							"listen": "test",
							"script": {
								"exec": [
									"",
									"pm.test(\"Response status code is 404\", function () {",
									"  pm.response.to.have.status(404);",
									"});",
									"",
									"",
									"pm.test(\"Response time is less than 200ms\", function () {",
									"  pm.expect(pm.response.responseTime).to.be.below(200);",
									"});",
									"",
									"",
									"pm.test(\"Content-Type header is application/json\", function () {",
									"  pm.expect(pm.response.headers.get(\"Content-Type\")).to.include(\"application/json\");",
									"});",
									"",
									"",
									"pm.test(\"Response has the required field - message\", function () {",
									"    const responseData = pm.response.json();",
									"    ",
									"    pm.expect(responseData).to.have.property('message');",
									"});",
									"",
									""
								],
								"type": "text/javascript",
								"packages": {}
							}
						}
					],
					"request": {
						"method": "GET",
						"header": [],
						"url": {
							"raw": "http://localhost:8080/books/:isbn/orders",
							"protocol": "http",
							"host": [
								"localhost"
							],
							"port": "8080",
							"path": [
								"books",
								":isbn",
								"orders"
							],
							"variable": [
								{
									"key": "isbn",
									"value": "4536723695311"
								}
							]
						}
					},
					"response": []
				}
			]
		},
		{
			"name": "Orders",
			"item": [
				{
					"name": "GET/orders[](404)",
					"event": [
						{
							"listen": "test",
							"script": {
								"exec": [
									"pm.test(\"Status code is 404\", function () {",
									"    pm.response.to.have.status(404);",
									"});",
									""
								],
								"type": "text/javascript",
								"packages": {}
							}
						}
					],
					"request": {
						"method": "GET",
						"header": [],
						"url": {
							"raw": "http://localhost:8080/orders",
							"protocol": "http",
							"host": [
								"localhost"
							],
							"port": "8080",
							"path": [
								"orders"
							]
						}
					},
					"response": []
				},
				{
					"name": "GET/orders(200)",
					"event": [
						{
							"listen": "test",
							"script": {
								"exec": [
									"",
									"pm.test(\"Response status code is 200\", function () {",
									"    pm.expect(pm.response.code).to.equal(200);",
									"});",
									"",
									"",
									"pm.test(\"Id, datetime, and customerName fields should exist in the response\", function () {",
									"  const responseData = pm.response.json();",
									"  ",
									"  pm.expect(responseData).to.be.an('array');",
									"  responseData.forEach(function(order) {",
									"    pm.expect(order).to.have.property('id');",
									"    pm.expect(order).to.have.property('datetime');",
									"    pm.expect(order).to.have.property('customerName');",
									"  });",
									"});",
									"",
									"",
									"pm.test(\"Response time is less than 200ms\", function () {",
									"  pm.expect(pm.response.responseTime).to.be.below(200);",
									"});",
									"",
									""
								],
								"type": "text/javascript",
								"packages": {}
							}
						}
					],
					"request": {
						"method": "GET",
						"header": [],
						"url": {
							"raw": "http://localhost:8080/orders",
							"protocol": "http",
							"host": [
								"localhost"
							],
							"port": "8080",
							"path": [
								"orders"
							]
						}
					},
					"response": []
				},
				{
					"name": "POST/orders(200)",
					"event": [
						{
							"listen": "test",
							"script": {
								"exec": [
									"",
									"pm.test(\"Response status code is 200\", function () {",
									"    pm.expect(pm.response.code).to.equal(200);",
									"});",
									"",
									"",
									"pm.test(\"Response time is less than 200ms\", function () {",
									"  pm.expect(pm.response.responseTime).to.be.below(300);",
									"});",
									"",
									"",
									"pm.test(\"Response has the required fields - id, datetime, and customerName\", function () {",
									"    const responseData = pm.response.json();",
									"    ",
									"    pm.expect(responseData).to.be.an('object');",
									"    pm.expect(responseData).to.have.property('id');",
									"    pm.expect(responseData).to.have.property('datetime');",
									"    pm.expect(responseData).to.have.property('customerName');",
									"});",
									"",
									"",
									"pm.test(\"Id is a non-negative integer\", function () {",
									"    const responseData = pm.response.json();",
									"    ",
									"    pm.expect(responseData).to.be.an('object');",
									"    pm.expect(responseData.id).to.be.a('number').and.to.be.at.least(0);",
									"});",
									"",
									"",
									"pm.test(\"Datetime is in a valid date-time format\", function () {",
									"    const responseData = pm.response.json();",
									"    ",
									"    pm.expect(responseData).to.be.an('object');",
									"    pm.expect(responseData.datetime).to.match(/\\d{4}-\\d{2}-\\d{2}T\\d{2}:\\d{2}:\\d{2}/);",
									"});",
									"",
									""
								],
								"type": "text/javascript",
								"packages": {}
							}
						}
					],
					"request": {
						"method": "POST",
						"header": [],
						"body": {
							"mode": "raw",
							"raw": "{\n        \"id\": 2,\n        \"datetime\": \"2024-04-29T23:49:21.857+00:00\",\n        \"customerName\": \"Evan Black\"\n}",
							"options": {
								"raw": {
									"language": "json"
								}
							}
						},
						"url": {
							"raw": "http://localhost:8080/orders",
							"protocol": "http",
							"host": [
								"localhost"
							],
							"port": "8080",
							"path": [
								"orders"
							]
						}
					},
					"response": []
				},
				{
					"name": "POST/orders(409)",
					"event": [
						{
							"listen": "test",
							"script": {
								"exec": [
									"",
									"pm.test(\"Response status code is 409\", function () {",
									"    pm.expect(pm.response.code).to.equal(409);",
									"});",
									"",
									"",
									"pm.test(\"Response time is within an acceptable range\", function () {",
									"  pm.expect(pm.response.responseTime).to.be.below(200);",
									"});",
									"",
									"",
									"pm.test(\"Response has the required fields\", function () {",
									"    const responseData = pm.response.json();",
									"    ",
									"    pm.expect(responseData).to.be.an('object');",
									"    pm.expect(responseData.message).to.exist.and.to.be.a('string');",
									"});",
									"",
									"",
									"pm.test(\"Message is a non-empty string\", function () {",
									"    const responseData = pm.response.json();",
									"    ",
									"    pm.expect(responseData.message).to.be.a('string').and.to.have.lengthOf.at.least(1, \"Message should not be empty\");",
									"});",
									"",
									"",
									"pm.test(\"Content-Type header is application/json\", function () {",
									"    pm.expect(pm.response.headers.get(\"Content-Type\")).to.include(\"application/json\");",
									"});",
									"",
									""
								],
								"type": "text/javascript",
								"packages": {}
							}
						}
					],
					"request": {
						"method": "POST",
						"header": [],
						"body": {
							"mode": "raw",
							"raw": "{\n        \"id\": 2,\n        \"datetime\": \"2024-04-29T23:49:21.857+00:00\",\n        \"customerName\": \"Evan Black\"\n}",
							"options": {
								"raw": {
									"language": "json"
								}
							}
						},
						"url": {
							"raw": "http://localhost:8080/orders",
							"protocol": "http",
							"host": [
								"localhost"
							],
							"port": "8080",
							"path": [
								"orders"
							]
						}
					},
					"response": []
				},
				{
					"name": "GET/orders/:id(200)",
					"event": [
						{
							"listen": "test",
							"script": {
								"exec": [
									"",
									"pm.test(\"Response status code is 200\", function () {",
									"  pm.expect(pm.response.code).to.equal(200);",
									"});",
									"",
									"",
									"pm.test(\"Response has the required fields - id, datetime, and customerName\", function () {",
									"    const responseData = pm.response.json();",
									"    ",
									"    pm.expect(responseData).to.be.an('object');",
									"    pm.expect(responseData).to.have.property('id');",
									"    pm.expect(responseData).to.have.property('datetime');",
									"    pm.expect(responseData).to.have.property('customerName');",
									"});",
									"",
									"",
									"",
									"pm.test(\"Content-Type header is application/json\", function () {",
									"    pm.expect(pm.response.headers.get(\"Content-Type\")).to.include(\"application/json\");",
									"});",
									"",
									"",
									"pm.test(\"Response time is less than 200ms\", function () {",
									"  pm.expect(pm.response.responseTime).to.be.below(200);",
									"});",
									"",
									""
								],
								"type": "text/javascript",
								"packages": {}
							}
						}
					],
					"request": {
						"method": "GET",
						"header": [],
						"url": {
							"raw": "http://localhost:8080/orders/:id",
							"protocol": "http",
							"host": [
								"localhost"
							],
							"port": "8080",
							"path": [
								"orders",
								":id"
							],
							"variable": [
								{
									"key": "id",
									"value": "2"
								}
							]
						}
					},
					"response": []
				},
				{
					"name": "GET/orders/:id(404)",
					"event": [
						{
							"listen": "test",
							"script": {
								"exec": [
									"",
									"pm.test(\"Response status code is 404\", function () {",
									"    pm.expect(pm.response.code).to.equal(404);",
									"});",
									"",
									"",
									"pm.test(\"Response has the required field - message\", function () {",
									"    const responseData = pm.response.json();",
									"    ",
									"    pm.expect(responseData).to.be.an('object');",
									"    pm.expect(responseData.message).to.exist;",
									"});",
									"",
									"",
									"pm.test(\"Response time is less than 200ms\", function () {",
									"  pm.expect(pm.response.responseTime).to.be.below(200);",
									"});",
									"",
									"",
									"pm.test(\"Content-Type header is application/json\", function () {",
									"  pm.expect(pm.response.headers.get(\"Content-Type\")).to.include(\"application/json\");",
									"});",
									"",
									"",
									"pm.test(\"Response schema matches the expected format\", function () {",
									"    const responseData = pm.response.json();",
									"    ",
									"    pm.expect(responseData).to.be.an('object');",
									"    pm.expect(responseData.message).to.be.a('string');",
									"});",
									"",
									""
								],
								"type": "text/javascript",
								"packages": {}
							}
						}
					],
					"protocolProfileBehavior": {
						"disableBodyPruning": true
					},
					"request": {
						"method": "GET",
						"header": [],
						"body": {
							"mode": "raw",
							"raw": "",
							"options": {
								"raw": {
									"language": "json"
								}
							}
						},
						"url": {
							"raw": "http://localhost:8080/orders/:isbn",
							"protocol": "http",
							"host": [
								"localhost"
							],
							"port": "8080",
							"path": [
								"orders",
								":isbn"
							],
							"variable": [
								{
									"key": "isbn",
									"value": "5"
								}
							]
						}
					},
					"response": []
				},
				{
					"name": "PUT/orders/:id(200)",
					"event": [
						{
							"listen": "test",
							"script": {
								"exec": [
									"",
									"pm.test(\"Response status code is 200\", function () {",
									"    pm.expect(pm.response.code).to.equal(200);",
									"});",
									"",
									"",
									"pm.test(\"Response has the required fields - id, datetime, and customerName\", function () {",
									"    const responseData = pm.response.json();",
									"    ",
									"    pm.expect(responseData).to.be.an('object');",
									"    pm.expect(responseData.id).to.exist;",
									"    pm.expect(responseData.datetime).to.exist;",
									"    pm.expect(responseData.customerName).to.exist;",
									"});",
									"",
									"",
									"pm.test(\"Datetime is in a valid date format\", function () {",
									"  const responseData = pm.response.json();",
									"  ",
									"  pm.expect(responseData).to.be.an('object');",
									"  pm.expect(responseData.datetime).to.match(/^\\d{4}-\\d{2}-\\d{2}T\\d{2}:\\d{2}:\\d{2}.\\d{3}Z$/, \"Datetime should be in valid date format\");",
									"});",
									"",
									"",
									"pm.test(\"Response time is less than 200ms\", function () {",
									"  pm.expect(pm.response.responseTime).to.be.below(200);",
									"});",
									"",
									"",
									"pm.test(\"Content type is application/json\", function () {",
									"    pm.expect(pm.response.headers.get(\"Content-Type\")).to.include(\"application/json\");",
									"});",
									"",
									""
								],
								"type": "text/javascript",
								"packages": {}
							}
						}
					],
					"request": {
						"method": "PUT",
						"header": [],
						"body": {
							"mode": "raw",
							"raw": "{\n    \"datetime\": \"2024-04-29T23:49:21.857+00:00\",\n    \"customerName\": \"Evan White\"\n}",
							"options": {
								"raw": {
									"language": "json"
								}
							}
						},
						"url": {
							"raw": "http://localhost:8080/orders/:id",
							"protocol": "http",
							"host": [
								"localhost"
							],
							"port": "8080",
							"path": [
								"orders",
								":id"
							],
							"variable": [
								{
									"key": "id",
									"value": "2"
								}
							]
						}
					},
					"response": []
				},
				{
					"name": "PUT/orders/:id(404)",
					"event": [
						{
							"listen": "test",
							"script": {
								"exec": [
									"",
									"pm.test(\"Response status code is 404\", function () {",
									"    pm.expect(pm.response.code).to.equal(404);",
									"});",
									"",
									"",
									"pm.test(\"Response has the required fields\", function () {",
									"    const responseData = pm.response.json();",
									"    ",
									"    pm.expect(responseData).to.be.an('object');",
									"    pm.expect(responseData.message).to.exist;",
									"});",
									"",
									"",
									"pm.test(\"Message is a non-empty string\", function () {",
									"  const responseData = pm.response.json();",
									"  ",
									"  pm.expect(responseData).to.be.an('object');",
									"  pm.expect(responseData.message).to.be.a('string').and.to.have.lengthOf.at.least(1, \"Message should not be empty\");",
									"});",
									"",
									"",
									"pm.test(\"Response time is less than 200ms\", function () {",
									"  pm.expect(pm.response.responseTime).to.be.below(200);",
									"});",
									"",
									"",
									"pm.test(\"Content-Type header is application/json\", function () {",
									"    pm.expect(pm.response.headers.get(\"Content-Type\")).to.include(\"application/json\");",
									"});",
									"",
									""
								],
								"type": "text/javascript",
								"packages": {}
							}
						}
					],
					"request": {
						"method": "PUT",
						"header": [],
						"body": {
							"mode": "raw",
							"raw": "{\n    \"datetime\": \"2024-04-29T23:49:21.857+00:00\",\n    \"customerName\": \"Evan Red\"\n}",
							"options": {
								"raw": {
									"language": "json"
								}
							}
						},
						"url": {
							"raw": "http://localhost:8080/books/:id",
							"protocol": "http",
							"host": [
								"localhost"
							],
							"port": "8080",
							"path": [
								"books",
								":id"
							],
							"variable": [
								{
									"key": "id",
									"value": "2"
								}
							]
						}
					},
					"response": []
				},
				{
					"name": "GET/orders/:id/books(200)",
					"event": [
						{
							"listen": "test",
							"script": {
								"exec": [
									"",
									"pm.test(\"Response status code is 200\", function () {",
									"  pm.expect(pm.response.code).to.equal(200);",
									"});",
									"",
									"",
									"pm.test(\"Response time is less than 200ms\", function () {",
									"  pm.expect(pm.response.responseTime).to.be.below(200);",
									"});",
									"",
									"",
									"pm.test(\"Content-Type header is application/json\", function () {",
									"    pm.expect(pm.response.headers.get(\"Content-Type\")).to.include(\"application/json\");",
									"});",
									"",
									"",
									"pm.test(\"Orders array contains id, datetime, and customerName\", function () {",
									"    const responseData = pm.response.json();",
									"",
									"    pm.expect(responseData).to.be.an('array');",
									"    responseData.forEach(function (book) {",
									"        pm.expect(book.orders).to.be.an('array');",
									"        book.orders.forEach(function (order) {",
									"            pm.expect(order.id).to.exist;",
									"            pm.expect(order.datetime).to.exist;",
									"            pm.expect(order.customerName).to.exist;",
									"        });",
									"    });",
									"});",
									"",
									""
								],
								"type": "text/javascript",
								"packages": {}
							}
						}
					],
					"request": {
						"method": "GET",
						"header": [],
						"url": {
							"raw": "http://localhost:8080/orders/:id/books",
							"protocol": "http",
							"host": [
								"localhost"
							],
							"port": "8080",
							"path": [
								"orders",
								":id",
								"books"
							],
							"variable": [
								{
									"key": "id",
									"value": "1"
								}
							]
						}
					},
					"response": []
				},
				{
					"name": "GET/orders/:id/books(404)",
					"event": [
						{
							"listen": "test",
							"script": {
								"exec": [
									"",
									"pm.test(\"Response status code is 404\", function () {",
									"  pm.response.to.have.status(404);",
									"});",
									"",
									"",
									"pm.test(\"Response time is less than 500ms\", function () {",
									"  pm.expect(pm.response.responseTime).to.be.below(200);",
									"});",
									"",
									"pm.test(\"Correct error message for  non-existent author\", function () {",
									"    var jsonData = pm.response.json();",
									"    pm.expect(jsonData.message).to.eql(\"No books found in the order\");",
									"});",
									"",
									"",
									""
								],
								"type": "text/javascript",
								"packages": {}
							}
						}
					],
					"request": {
						"method": "GET",
						"header": [],
						"url": {
							"raw": "http://localhost:8080/orders/:id/books",
							"protocol": "http",
							"host": [
								"localhost"
							],
							"port": "8080",
							"path": [
								"orders",
								":id",
								"books"
							],
							"variable": [
								{
									"key": "id",
									"value": "6"
								}
							]
						}
					},
					"response": []
				},
				{
					"name": "POST/orders/:id/books(200)",
					"event": [
						{
							"listen": "test",
							"script": {
								"exec": [
									"",
									"pm.test(\"Response status code is 200\", function () {",
									"  pm.response.to.have.status(200);",
									"});",
									"",
									"",
									"pm.test(\"Response has the required Content-Type header set to application/json\", function () {",
									"    pm.expect(pm.response.headers.get(\"Content-Type\")).to.include(\"application/json\");",
									"});",
									"",
									"",
									"pm.test(\"Response message is a non-empty string\", function () {",
									"    const responseData = pm.response.json();",
									"    ",
									"    pm.expect(responseData.message).to.be.a('string').and.to.have.lengthOf.at.least(1, \"Value should not be empty\");",
									"});",
									"",
									"",
									"pm.test(\"Response time is within an acceptable range\", function () {",
									"  pm.expect(pm.response.responseTime).to.be.below(200);",
									"});",
									"",
									""
								],
								"type": "text/javascript",
								"packages": {}
							}
						}
					],
					"request": {
						"method": "POST",
						"header": [],
						"body": {
							"mode": "raw",
							"raw": " {\n        \"title\": \"Bleach: Bankai\",\n        \"publicationYear\": 2019,\n        \"price\": 27.50,\n        \"isbn\": \"4536723695310\"\n }",
							"options": {
								"raw": {
									"language": "json"
								}
							}
						},
						"url": {
							"raw": "http://localhost:8080/orders/:id/books",
							"protocol": "http",
							"host": [
								"localhost"
							],
							"port": "8080",
							"path": [
								"orders",
								":id",
								"books"
							],
							"variable": [
								{
									"key": "id",
									"value": "1"
								}
							]
						}
					},
					"response": []
				},
				{
					"name": "POST/orders/:id/books(404)",
					"event": [
						{
							"listen": "test",
							"script": {
								"exec": [
									"",
									"pm.test(\"Response status code is 404\", function () {",
									"    pm.expect(pm.response.code).to.equal(404);",
									"});",
									"",
									"",
									"pm.test(\"Response has the required fields\", function () {",
									"    const responseData = pm.response.json();",
									"",
									"    pm.expect(responseData).to.be.an('object');",
									"    pm.expect(responseData.message).to.exist;",
									"});",
									"",
									"",
									"pm.test(\"Message is a non-empty string\", function () {",
									"  const responseData = pm.response.json();",
									"  ",
									"  pm.expect(responseData.message).to.be.a('string').and.to.have.lengthOf.at.least(1, \"Message should not be empty\");",
									"});",
									"",
									"",
									"pm.test(\"Response time is less than 200ms\", function () {",
									"  pm.expect(pm.response.responseTime).to.be.below(200);",
									"});",
									"",
									""
								],
								"type": "text/javascript",
								"packages": {}
							}
						}
					],
					"request": {
						"method": "POST",
						"header": [],
						"body": {
							"mode": "raw",
							"raw": " {\n        \"title\": \"Bleach: Bankai\",\n        \"publicationYear\": 2019,\n        \"price\": 27.50,\n        \"isbn\": \"4536723695310\"\n }",
							"options": {
								"raw": {
									"language": "json"
								}
							}
						},
						"url": {
							"raw": "http://localhost:8080/orders/:id/books",
							"protocol": "http",
							"host": [
								"localhost"
							],
							"port": "8080",
							"path": [
								"orders",
								":id",
								"books"
							],
							"variable": [
								{
									"key": "id",
									"value": "3"
								}
							]
						}
					},
					"response": []
				},
				{
					"name": "DELETE/orders/:{id}/books/:isbn(200)",
					"event": [
						{
							"listen": "test",
							"script": {
								"exec": [
									"",
									"pm.test(\"Response status code is 200\", function () {",
									"    pm.expect(pm.response.code).to.equal(200);",
									"});",
									"",
									"",
									"pm.test(\"Response has the required fields\", function () {",
									"    const responseData = pm.response.json();",
									"    ",
									"    pm.expect(responseData).to.be.an('object');",
									"    pm.expect(responseData.message).to.exist;",
									"});",
									"",
									"",
									"pm.test(\"Message field exists in the response schema\", function () {",
									"  const responseData = pm.response.json();",
									"  ",
									"  pm.expect(responseData).to.be.an('object');",
									"  pm.expect(responseData.message).to.exist;",
									"});",
									"",
									"",
									"pm.test(\"Response time is less than 200ms\", function () {",
									"  pm.expect(pm.response.responseTime).to.be.below(200);",
									"});",
									"",
									""
								],
								"type": "text/javascript",
								"packages": {}
							}
						}
					],
					"request": {
						"method": "DELETE",
						"header": [],
						"url": {
							"raw": "http://localhost:8080/order/:id/books/:isbn",
							"protocol": "http",
							"host": [
								"localhost"
							],
							"port": "8080",
							"path": [
								"order",
								":id",
								"books",
								":isbn"
							],
							"variable": [
								{
									"key": "id",
									"value": "1"
								},
								{
									"key": "isbn",
									"value": "4536723695310"
								}
							]
						}
					},
					"response": []
				},
				{
					"name": "DELETE/orders/:id/books/:isbn(200)",
					"event": [
						{
							"listen": "test",
							"script": {
								"exec": [
									"",
									"pm.test(\"Response status code is 404\", function () {",
									"    pm.expect(pm.response.code).to.equal(404);",
									"});",
									"",
									"",
									"pm.test(\"Response time is less than 200ms\", function () {",
									"  pm.expect(pm.response.responseTime).to.be.below(200);",
									"});",
									"",
									""
								],
								"type": "text/javascript",
								"packages": {}
							}
						}
					],
					"request": {
						"method": "DELETE",
						"header": [],
						"url": {
							"raw": "http://localhost:8080/orders/:id/books/:isbn",
							"protocol": "http",
							"host": [
								"localhost"
							],
							"port": "8080",
							"path": [
								"orders",
								":id",
								"books",
								":isbn"
							],
							"variable": [
								{
									"key": "id",
									"value": ""
								},
								{
									"key": "isbn",
									"value": ""
								}
							]
						}
					},
					"response": []
				}
			]
		}
	]
}